"Stack-On","orders@stack-on.com",\N,"PO Box 95021",\N,"Palatine","IL","60095-0021","USA","847-526-6559","800-323-9601",\N,\N,\N
"Inventory","trentt@factory-express.com",\N,\N,\N,\N,\N,\N,\N,\N,\N,\N,\N,\N
"ACCO USA","bnvorders@acco.com","","Account #1228","PO Box 203412","Dallas","TX","75320-3412","USA","800-541-0094","800-941-4463",\N,\N,\N
"Acroprint Time Recorder Co.","sales@acroprint.com","","Trimega TPA #313","5640 Departure Drive","Raleigh","NC","27616-1841","USA","919-872-5800","919-850-0720",\N,\N,\N
"AKILES PRODUCTS INC","orders@akiles.com","","11158 Venture Drive","","Mira Loma","CA","91752-1194","USA","800-453-3997","909-923-2003",\N,\N,\N
"Block & Co","rbawoll@blockinc.com","","","1111 S. Wheeling","Wheeling","IL","60090","USA","(800) 323-7556","",\N,\N,\N
"Adlam Films","cabbott@adlamfilms.com","","Dept. # R9","P O BOX 830525","Birmingham","AL","35283-0525","USA","800-238-6563","800-852-4805",\N,\N,\N
"Canyon State Oil Co Inc.","","","Canyon State Oil","PO Box 18490","Phoenix","AZ","85005","USA","505-344-5566","505-344-5577",\N,\N,\N
"CARL MFG","order@carlmfg.com","","100 Pierce Rd Ste 100","","Itasca","IL","60143","USA","800-257-4771","847-519-0533","",\N,\N
"Carnation Inc.","orders@carnation-inc.com","Jess@carnation-inc.com","Attn:  Simeon Khazin","8630 National Ave","Niles","IL","60714","USA","800-296-2779","815-301-6729","",\N,\N
"Cassida Corporation","orders@cassidausa.com","","19636 SW 90th Court","","Tualatin","OR","97062","USA","503-691-8300","888-887-9040",\N,\N,\N
"Clark Security (AMSEC)","norman.eberle@clarksecurity.com","","Attn:  Accounts Receivable","P O Box 847428","Dallas","TX","75284-7428","USA","303-574-2742","303-288-5946",\N,\N,\N
"Coverbind","","","Attn: Accts Receivable","PO Box 644911","Pittsburgh","PA","15264-4911","USA","800-366-6060","910-799-3935",\N,\N,\N
"DAHLE","orders@dahle.com","","ATTN: Christine Haase","49 Vose Farm Road","Peterborough","NH","03458","USA","800-995-1379","(603) 924-1616","",\N,\N
"DataBind Corp","sales@data-bind.com","jgasperini@data-bind.com","72 Shaker Road Bldg 9","","Enfield","CT","6082","USA","(860) 265-8151","","",\N,\N
"DYNAFOLD USA INC.","dynafold@aol.com","**must fax PO**","ATTN:  ACCOUNTS PAYABLE","7439 LA PALMA AVE. #200","BUENA PARK","CA","90620","USA","562-864-8008","(800) 443-9501","",\N,\N
"FORMAX","shynes@Formax.com","","ATTN: ACCOUNTS RECEIVABLE","1 EDUCATION WAY","Dover","NH","03820","USA","603-749-5807","603-743-6366","",\N,\N
"FOSTER MANUFACTURING CO","Customerservice@fostermfg.com","","ATTN: ORDERS/CUSTOMER SERV.","204 B Progress Drive","Montgomeryville","PA","18936","USA","800-523-4855","267-413-6227",\N,\N,\N
"GENERAL BINDING CORP","dealers@gbc.com","","PO BOX 71361","","CHICAGO","IL","60694-1361","USA","(800) 723-4000","800-463-2714",\N,\N,\N
"Hollon Safe Company","margo@hollonsafe.com","","","227 44th Street","Corpus Christi","TX","78405","USA","(888) 455-2337","",\N,\N,\N
"HSM","chris.allegra@hsmofamerica.com","","","419 Boot Rd","Downingtown","PA","19335","USA","800-613-2110","484-237-2309","",\N,\N
"Intimus North America","sales.us@intimus.com","","Department 78909","PO Box 357","Wabash","IN","46992","USA","(800) 775-2122","(844) 563-7720",\N,\N,\N
"KAPCO GRAPHIC PRODUCTS CO","","","1000 CHERRY STREET","P.O. BOX 628","KENT","OH","44240-0011","USA","800.843.5368","800.451.3724",\N,\N,\N
"Karl Williams Inc.","creinertkwg@yahoo.com","","2920 S MacArthur Blvd","","Springfield","IL","62704","USA","800-723-3854","217-528-0827",\N,\N,\N
"Klopp International","dnelson@kloppcoin.com","","251 Dunbar Ave","PO Box 985","Oldsmar","FL","34677-0985","USA","800-356-9080","813-854-3069",\N,\N,\N
"LASSCO","info@lasscowizer.com","","ATTN:  ACCOUNTS RECEIVABLE","485 HAGUE STREET","ROCHESTER","NY","14606-1296","USA","800-854-6595","800-854-6585",\N,\N,\N
"Logan Graphic Products","cs@logangraphic.com","","1100 Brown Street","","Wauconda","IL","60084","USA","800-331-6232","800-331-6329",\N,\N,\N
"Magner","bdonahue@magner.com","","41 West Street","","Middlefield","CT","6455","USA","860-349-1097","860-349-1257",\N,\N,\N
"MARTIN-YALE INDUSTRIES INC.","orders@martinyale.com","","","PO BOX 78000","Detroit","MI","48278-0909","USA","800-225-5644","800-248-2329",\N,\N,\N
"MBM CORPORATION","genad@mbmcorp.com","","ATTN: ACCOUNTS RECEIVABLE","3134 INDUSTRY DRIVE","N CHARLESTON","SC","29418","USA","800-223-2508","843-552-2974",\N,\N,\N
"MMF Industries","cshadley@mlbgwb.com","","","1995  Momentum","Chicago","IL","60689-5319","USA","800-323-8181","847-537-1120",\N,\N,\N
"N F String & Son Inc","kperez@nfstring.com","jmcneil@nfstring.com","1380 Howard St","","Harrisburg","PA","17104","USA","800-233-0563","717-234-2449",\N,\N,\N
"PERFORMANCE DESIGN INC.","orders@pdibind.com","marym@pdibind.com","ATTN:  ACCOUNTS RECEIVABLE","2350 EAST BRANIFF","BOISE","ID","83716","USA","800-390-5782","800-390-5783",\N,\N,\N
"Pro-Bind","deb.mcqueen@pro-bind.com","jeff.kohn@pro-bind.com","Attn:  Accounts Payable","15290 S Keeler","Olathe","KS","66062","USA","888-747-2150","913-747-2155","",\N,\N
"Pro Pack Inc.","m.khan@shrinkfilm.com","","","\"500 West Main Street"," Unit 12\"","Wyckoff","NJ","7481","USA","201-337-1001","201-337-5001",\N,\N
"Protex Safe Company","orders@protexsafe.com","","","8445 Canoga Avenue","Canoga Park","CA","91304","USA","818-773-8030","818-773-8003",\N,\N,\N
"PVC SPIRAL SUPPLY","cjmcgowan@pvcspiralsupply.com","sales@pvcspiralsupply.com","ATTN:  ACCOUNTS RECEIVABLE","123 E. 45TH STREET","BOISE","ID","83714","USA","800-461-9301","208-377-3759",\N,\N,\N
"Quality Commercial Machines","sales@qcmcorp.com","","800 Spindletree Ave STE100","attn: Accts. Payable","Naperville","IL","60565","USA","888-866-9726","630-355-0986",\N,\N,\N
"SUN ENTERPRISES USA, Inc","sunenterusa@outlook.com","","P O BOX 1265","","Port Richey","FL","34673","USA","757-842-3754","757-848-3730","",\N,\N
"Ribao Technology USA Inc.","ribaousa@yahoo.com","","5335 S. Western Blvd","","Chicago","IL","60609","USA","773-382-0530","773-435-6350",\N,\N,\N
"Sealer Sales","contact@sealersales.com","","","8820 Baird Ave","Northridge","CA","91324","USA","818-718-8818","818-718-8857",\N,\N,\N
"Semacon Business Machines","orders@semacon.com","frank.shepherd@semacon.com","7430 Trade Street","","San Diego","CA","92121","USA","888-736-2266","858-638-0110",\N,\N,\N
"Sentry Safe (Master Lock)","orders@mlock.com","","","PO Box 911303","Dallas","TX","75391-1303","USA","800-308-9244","585-381-0633",\N,\N,\N
"SOUTHWEST PLASTIC BINDING","dmarrah@swplastic.com","","ATTN:  ACCOUNTS RECEIVABLE","109 MILLWELL DRIVE","MARYLAND HEIGHTS","MO","63043","USA","888-832-6421","800-831-8947","",\N,\N
"Spiral Binding Co","txbranch@spiralbinding.com","","","ONE MALTESE DRIVE PO BOX 286","Totowa","NJ","7511","USA","800-631-3572","888-794-2463",\N,\N,\N
"STANDARD DUPLICATING MACHINES","cs@sdmc.com","","10 Cconnector Rd","","Andover","MA","1810","USA","877-202-2260","978-470-2771",\N,\N,\N
"The Staplex Company","info@staplex.com","","777 Fifth Avenue","","Brooklyn","NY","11232-1626","USA","800-221-0822","718-965-0750",\N,\N,\N
"Synnex Corp GBC","CarolineM@synnex.com","","Account #608199","5845 Collections Center Dr","Chicago","IL","60693","USA","800-283-9874","510-668-3984","",\N,\N
"TAMERICA PRODUCTS INC.","jon@tamericaproducts.com","sales@tamericaproducts.com","ATTN:  ACCOUNTS RECEIVABLE","9157 Rochester Ct","RANCHO CUCAMONGA","CA","91730","USA","800-822-6555","909-484-5260",\N,\N,\N
"Tennsco","kmorris@tennsco.com","","Account #47937","201 Tennsco Dr","Dickson","TN","37055","USA","(800) 251-8184","(800) 722-0134",\N,\N,\N
"TRACO MANUFACTURING INC.","AHardeman@tracopackaging.com","stephanie@traco-mfg.com","ATTN:  ACCOUNTS RECEIVABLE","620 SOUTH 1325 WEST","OREM","UT","84058","USA","800-284-9727","801-226-1509","",\N,\N
"Vestil Manufacturing Company","orders@vestil.com","","P O Box 507","","Angola","IN","46703","USA","800-348-0868","800-526-3133",\N,\N,\N
"V-Line Industries","Michele@vlineind.com","","Attn:  Mary","370 Easy Street","Simi Valley","CA","93065","USA","805-520-4987","805-520-6470",\N,\N,\N
"Widmer Time Co.","","","Attn:  Robert Thompson","228 Park Street","Hackensack","NJ","7601","USA","800-424-4459","(201) 489-3478",\N,\N,\N
"WILMER","wcs@4wilmer.com","","P O Box 676496","877-480-4421 A/R FOR WILMER","Dallas","TX","75267-6496","USA","(800) 494-5637","800-553-4849",\N,\N,\N
"Granite Security Products","orders@winchestersafes.com","","Attn: Accts. Receivable","1431 Greenway Dr STE 510","Irving","TX","75038","USA","469-735-4901","817-478-3056",\N,\N,\N
"safeandvaultstore.com",\N,\N,\N,\N,\N,\N,\N,\N,\N,\N,\N,\N,\N
"B&H Photo","","","","","","","","","","","",\N,\N
"PostMark","marsha@postmark-usa.com","","3197 Duncan Lane STE A","","San Luis Obispo","CA","93401","USA","805-594-1455","805-594-1454","",\N,\N
"Smiths","","","","","","","","","","","",\N,\N
"Amazon","","","","","","","","","","","",\N,\N
"spiral binding co","","","","","","","","","","","",\N,\N
"C-Line Products Inc.","MSmaida@c-lineproducts.com","","1100 Business Center Dr","","Mount Prospect","IL","60056","USA","800-433-3300","847-827-6661","",\N,\N
"Safe and Vault Store","ajennings@allied-security.com","","425 W 2nd Ave","","Spokane","WA","99201","USA","","(800) 207-2259","",\N,\N
"Pyramid Technologies","var_orders@ptitime.com","","45 Gracey Avenue","","Meriden","CT","06451","USA","203-634-1696","888-479-7264 x807","",\N,\N
"Mono Machines","poconfirm@factory-express.com","","","","","","","","","","",\N,\N
"Costco","","","","","","","","","","","",\N,\N
"Thermobind.com","sales@thermobind.com","","","","","","","","","888-992-4144","",\N,\N
"Officesupersavers.com","","","","","","","","","","","",\N,\N
"GBC Direct","","","","","","","","","","","",\N,\N
"MARQUIS BUSINESS SYSTEMS INC","mrbillee@dc.rr.com","","","","","","","","","","",\N,\N
"Transcendia (Transilwrap)","Yvette.Lemonoudas@transcendia.com","","2434 Momentum Pl.","","Chicago","IL","60689","USA","","800-7455802","",\N,\N
"officesupply.com","","","","","","","","","","","",\N,\N
"Uline","","","","","","","","","","","",\N,\N
"USI Inc","","","","","","","","","","","",\N,\N
"Sam's Club","","","","","","","","","","","",\N,\N
"BankSupplies Inc.","bsi-store@banksupplies.com","","43430 N. I-94 Service Dr.","","Belleville","MI","48111","United States","(734) 699-1428","(734) 699-4040","",\N,\N
"Ultimate Image Printing","cindy@mydpi.net","","Incrediline","3197-B Red Hill Avenue","Costa Mesa","CA","92626","","714-444-4064","888-429-2266","",\N,\N
"Whitaker Brothers","jbrown@whitakerbrothers.com","","3 Taft Court","","Rockville","MD","20850","","301-354-3034","800-243-9226","",\N,\N
"www.zerbee.com","","","","","","","","","","","",\N,\N
"Minipack America Inc.","orders@minipack-america.com","","1832 N Glassell Street","","Orange","CA","92865","United States","","714-283-4200","",\N,\N
"Tyler Tool","","","","","","","","","","","",\N,\N
